[
  {
    "id": "4cb5f835-66cd-4d9b-91d5-873c11e359b8",
    "data": [
      {
        "text": "Hello ",
        "userDefined": false
      },
      {
        "text": "Harsh",
        "alias": "srcname",
        "meta": "@sys.any",
        "userDefined": true
      },
      {
        "text": " from ",
        "userDefined": false
      },
      {
        "text": "Krishna",
        "alias": "destname",
        "meta": "@sys.any",
        "userDefined": true
      }
    ],
    "isTemplate": false,
    "count": 0,
    "updated": 1531581844
  }
]