[
  {
    "id": "0fd963ba-e24f-4395-b328-db0e927e5e71",
    "data": [
      {
        "text": "Julia",
        "alias": "src-name",
        "meta": "@sys.any",
        "userDefined": true
      },
      {
        "text": ": I will fly out of New ",
        "userDefined": false
      },
      {
        "text": "York",
        "alias": "geo-city",
        "meta": "@sys.geo-city",
        "userDefined": true
      }
    ],
    "isTemplate": false,
    "count": 0,
    "updated": 1531615700
  },
  {
    "id": "db8550cd-7cc9-41e3-a08b-44981331b98d",
    "data": [
      {
        "text": "Julia",
        "alias": "src-name",
        "meta": "@sys.any",
        "userDefined": true
      },
      {
        "text": ": I can fly out of ",
        "userDefined": false
      },
      {
        "text": "New York",
        "alias": "geo-city",
        "meta": "@sys.geo-city",
        "userDefined": false
      }
    ],
    "isTemplate": false,
    "count": 0,
    "updated": 1531615700
  },
  {
    "id": "1f00a21b-1145-4df5-83f4-bdde55718afe",
    "data": [
      {
        "text": "Julia",
        "alias": "src-name",
        "meta": "@sys.any",
        "userDefined": true
      },
      {
        "text": ": I will depart from ",
        "userDefined": false
      },
      {
        "text": "San Francisco",
        "alias": "geo-city",
        "meta": "@sys.geo-city",
        "userDefined": false
      }
    ],
    "isTemplate": false,
    "count": 0,
    "updated": 1531615700
  },
  {
    "id": "ee4e1542-aad0-40c1-b88f-451df14b4c51",
    "data": [
      {
        "text": "Krishna",
        "alias": "src-name",
        "meta": "@sys.any",
        "userDefined": true
      },
      {
        "text": ": I will leave from ",
        "userDefined": false
      },
      {
        "text": "Chicago",
        "alias": "geo-city",
        "meta": "@sys.geo-city",
        "userDefined": false
      }
    ],
    "isTemplate": false,
    "count": 0,
    "updated": 1531615700
  },
  {
    "id": "4af815a9-0f58-4a62-b489-cb17b3619965",
    "data": [
      {
        "text": "Harsh",
        "alias": "src-name",
        "meta": "@sys.any",
        "userDefined": true
      },
      {
        "text": ": I will be flying out of ",
        "userDefined": false
      },
      {
        "text": "Austin",
        "alias": "geo-city",
        "meta": "@sys.geo-city",
        "userDefined": false
      }
    ],
    "isTemplate": false,
    "count": 0,
    "updated": 1531615700
  }
]