[
  {
    "id": "3c98c01f-dfab-477d-b824-8f38df2b0df3",
    "data": [
      {
        "text": "Julia",
        "alias": "src-name",
        "meta": "@sys.any",
        "userDefined": true
      },
      {
        "text": ": I want to go to ",
        "userDefined": false
      },
      {
        "text": "Austin",
        "alias": "geo-city",
        "meta": "@sys.geo-city",
        "userDefined": false
      }
    ],
    "isTemplate": false,
    "count": 0,
    "updated": 1531613558
  },
  {
    "id": "5a88002d-f93f-4e33-9c27-6ccf0f63de35",
    "data": [
      {
        "text": "Ishan",
        "alias": "src-name",
        "meta": "@sys.any",
        "userDefined": true
      },
      {
        "text": ": I want to visit ",
        "userDefined": false
      },
      {
        "text": "Chicago",
        "alias": "geo-city",
        "meta": "@sys.geo-city",
        "userDefined": false
      }
    ],
    "isTemplate": false,
    "count": 0,
    "updated": 1531613558
  },
  {
    "id": "b078ba28-643e-4dda-8285-544996885e33",
    "data": [
      {
        "text": "Ishan",
        "alias": "src-name",
        "meta": "@sys.any",
        "userDefined": true
      },
      {
        "text": ": I would like to visit ",
        "userDefined": false
      },
      {
        "text": "San Francisco",
        "alias": "geo-city",
        "meta": "@sys.geo-city",
        "userDefined": false
      }
    ],
    "isTemplate": false,
    "count": 0,
    "updated": 1531613558
  },
  {
    "id": "5a3a53ee-2a3c-41b7-8681-58cc5229d933",
    "data": [
      {
        "text": "Krishna",
        "alias": "src-name",
        "meta": "@sys.any",
        "userDefined": true
      },
      {
        "text": ": Let\u0027s go to ",
        "userDefined": false
      },
      {
        "text": "NYC",
        "alias": "geo-city",
        "meta": "@sys.geo-city",
        "userDefined": false
      }
    ],
    "isTemplate": false,
    "count": 0,
    "updated": 1531613558
  }
]