[
  {
    "id": "06adee4f-4ba2-4937-aab9-c4a3c7a761e6",
    "data": [
      {
        "text": "Julia",
        "alias": "given-name",
        "meta": "@sys.given-name",
        "userDefined": false
      },
      {
        "text": ": I am down with ",
        "userDefined": false
      },
      {
        "text": "spending",
        "alias": "budget-spend",
        "meta": "@sys.any",
        "userDefined": true
      },
      {
        "text": " ",
        "userDefined": false
      },
      {
        "text": "400 bucks",
        "alias": "unit-currency",
        "meta": "@sys.unit-currency",
        "userDefined": false
      }
    ],
    "isTemplate": false,
    "count": 0,
    "updated": 1531612609
  },
  {
    "id": "dffbd694-508b-462d-a968-ee1eb9607640",
    "data": [
      {
        "text": "Julia",
        "alias": "given-name",
        "meta": "@sys.given-name",
        "userDefined": true
      },
      {
        "text": ": I cannot ",
        "userDefined": false
      },
      {
        "text": "spend",
        "alias": "budget-spend",
        "meta": "@sys.any",
        "userDefined": true
      },
      {
        "text": " more than ",
        "userDefined": false
      },
      {
        "text": "$600",
        "alias": "unit-currency",
        "meta": "@sys.unit-currency",
        "userDefined": false
      }
    ],
    "isTemplate": false,
    "count": 0,
    "updated": 1531612609
  },
  {
    "id": "1a211d96-427f-4912-a33f-7a60ff80ec19",
    "data": [
      {
        "text": "Krishna",
        "alias": "given-name",
        "meta": "@sys.given-name",
        "userDefined": true
      },
      {
        "text": ": I am cool with ",
        "userDefined": false
      },
      {
        "text": "spending",
        "alias": "budget-spend",
        "meta": "@sys.any",
        "userDefined": true
      },
      {
        "text": " ",
        "userDefined": false
      },
      {
        "text": "$500",
        "alias": "unit-currency",
        "meta": "@sys.unit-currency",
        "userDefined": false
      }
    ],
    "isTemplate": false,
    "count": 0,
    "updated": 1531612609
  },
  {
    "id": "864eee41-399b-4a4c-a1ed-62241ab36856",
    "data": [
      {
        "text": "Harsh",
        "alias": "given-name",
        "meta": "@sys.given-name",
        "userDefined": true
      },
      {
        "text": ": I am fine with ",
        "userDefined": false
      },
      {
        "text": "spending",
        "alias": "budget-spend",
        "meta": "@sys.any",
        "userDefined": true
      },
      {
        "text": " ",
        "userDefined": false
      },
      {
        "text": "$300",
        "alias": "unit-currency",
        "meta": "@sys.unit-currency",
        "userDefined": false
      }
    ],
    "isTemplate": false,
    "count": 0,
    "updated": 1531612609
  }
]